201 6237 WEST BOULEVARD,Vancouver,BC
1107 1188 HOWE ST,Vancouver,BC
1603 789 DRAKE ST,Vancouver,BC
1805 1383 HOWE ST,Vancouver,BC
813 610 GRANVILLE ST,Vancouver,BC
3010 610 GRANVILLE ST,Vancouver,BC
5362 GRANVILLE ST ,Vancouver,BC
9169 SHAUGHNESSY ST ,Vancouver,BC
301 1018 CAMBIE ST,Vancouver,BC
"1200 PACIFIC BLVD, Lot 216",Vancouver,BC
"1200 PACIFIC BLVD, Lot 321",Vancouver,BC
2960 MANITOBA ST ,Vancouver,BC
1204 1255 MAIN ST,Vancouver,BC
406 UNION ST ,Vancouver,BC
3538 PRINCE EDWARD ST,Vancouver,BC
6916 PRINCE EDWARD ST,Vancouver,BC
431 HEATLEY AVE ,Vancouver,BC
3118 WINDSOR ST ,Vancouver,BC
4500 WINDSOR ST ,Vancouver,BC
12 3477 COMMERCIAL ST,Vancouver,BC
1231 SALSBURY DR ,Vancouver,BC
5092 NANAIMO ST ,Vancouver,BC
2606 52ND AVE E ,Vancouver,BC
"2928 RENFREW ST, Lot 4",Vancouver,BC
"2928 RENFREW ST, Lot 6",Vancouver,BC
2890 YALE ST ,Vancouver,BC
3536 ETON ST ,Vancouver,BC
410 55 CORDOVA ST,Vancouver,BC
903 438 SEYMOUR ST,Vancouver,BC
1102 1833 FRANCES ST,Vancouver,BC
405 1333 GEORGIA ST W,Vancouver,BC
1808 1288 GEORGIA ST W,Vancouver,BC
2205 233 ROBSON ST,Vancouver,BC
315 125 MILROSS AVE,Vancouver,BC
1517 COMOX ST ,Vancouver,BC
406 1050 BURRARD ST,Vancouver,BC
403 1232 HARWOOD ST ,Vancouver,BC
2103 1500 HORNBY ST,Vancouver,BC
2301 455 BEACH CRES ,Vancouver,BC
121 1628 1ST AVE W,Vancouver,BC
203 1925 2ND AVE W,Vancouver,BC
1862 BROADWAY W   ,Vancouver,BC
315 2515 ONTARIO ST,Vancouver,BC
654 BROADWAY E,Vancouver,BC
612 2228 MARSTRAND AVE,Vancouver,BC
2310 11TH AVE E,Vancouver,BC
3932 12TH AVE W,Vancouver,BC
4663 13TH AVE W,Vancouver,BC
1248 15TH AVE W ,Vancouver,BC
1234 15TH AVE W,Vancouver,BC
1668 16TH AVE W,Vancouver,BC
417 17TH AVE E,Vancouver,BC
3522 23RD AVE E ,Vancouver,BC
2242 MCBAIN AVE ,Vancouver,BC
2458 41ST AVE E ,Vancouver,BC
535 48TH AVE E,Vancouver,BC
1794 66TH AVE W,Vancouver,BC
1319 SE MARINE DR,Vancouver,BC
3382 E 3RD AVE,Vancouver,BC